rank,symbol,k_period,sl_points,tp_points,profit,pf,mdd,win_rate,sharpe,recovery,score,top
1,USDCAD,21,700,1100,3147.92,5.51,534.44,75.0,0.62,5.9,1.988,TOP
2,USDCAD,21,700,1200,3096.47,5.44,534.44,75.0,0.62,5.8,1.968,
3,USDCAD,21,700,900,3043.81,5.37,534.44,75.0,0.63,5.7,1.948,
4,USDCAD,21,900,1100,3026.87,4.7,655.49,75.0,0.56,4.6,1.88,
5,USDCAD,21,700,700,2834.4,5.07,534.44,75.0,0.64,5.3,1.868,
6,USDCAD,21,900,1200,2975.42,4.64,655.49,75.0,0.56,4.5,1.852,
7,USDCAD,21,900,900,2922.76,4.57,655.49,75.0,0.57,4.5,1.825,
8,USDCAD,21,1100,1100,2905.81,4.09,776.54,75.0,0.51,3.7,1.741,
9,USDCAD,21,1100,1200,2854.37,4.04,776.54,75.0,0.5,3.7,1.715,
10,USDCAD,21,900,700,2713.34,4.32,655.49,75.0,0.57,4.1,1.713,
11,USDCAD,21,1100,900,2801.71,3.98,776.54,75.0,0.51,3.6,1.689,
12,USDCAD,21,1200,1100,2845.29,3.85,837.06,75.0,0.48,3.4,1.681,
13,USDCAD,21,1200,1200,2793.84,3.79,837.06,75.0,0.48,3.3,1.655,
14,USDCAD,21,1200,900,2741.19,3.74,837.06,75.0,0.48,3.3,1.629,
15,USDCAD,21,1100,700,2592.29,3.76,776.54,75.0,0.5,3.3,1.582,
16,USDCAD,21,500,1100,2716.37,3.41,965.98,71.4,0.48,2.8,1.564,
17,USDCHF,28,1100,500,2021.08,4.56,275.79,71.4,0.56,7.3,1.559,TOP
18,USDCAD,21,700,500,2260.01,4.24,534.44,75.0,0.6,4.2,1.548,
19,USDCAD,21,500,1200,2664.92,3.36,965.98,71.4,0.47,2.8,1.539,
20,USDCAD,21,1200,700,2531.77,3.53,837.06,75.0,0.47,3.0,1.524,
21,USDCAD,21,500,900,2612.27,3.31,965.98,71.4,0.48,2.7,1.514,
22,USDCHF,28,1100,1200,1959.34,4.45,275.79,69.2,0.42,7.1,1.509,
23,USDCAD,28,700,1100,2439.77,3.17,534.44,68.4,0.45,4.6,1.467,
24,USDCHF,28,1100,1100,1856.43,4.27,275.79,69.2,0.43,6.7,1.443,
25,USDCAD,28,700,1200,2367.75,3.11,534.44,68.4,0.45,4.4,1.43,
26,USDCAD,21,500,700,2402.85,3.13,965.98,71.4,0.48,2.5,1.413,
27,USDCAD,21,900,500,2138.96,3.61,655.49,75.0,0.52,3.3,1.404,
28,USDCAD,28,700,900,2306.62,3.05,534.44,68.4,0.45,4.3,1.4,
29,USDCAD,28,700,700,2232.17,2.98,534.44,68.4,0.45,4.2,1.363,
30,USDCHF,28,1100,900,1650.62,3.91,275.79,69.2,0.44,6.0,1.312,
31,USDCAD,21,1100,500,2017.91,3.15,776.54,75.0,0.45,2.6,1.287,
32,USDCAD,28,900,1100,2197.67,2.61,655.49,68.4,0.37,3.4,1.283,
33,USDCAD,28,900,1200,2125.65,2.56,655.49,68.4,0.36,3.2,1.249,
34,USDCAD,28,1200,1100,2146.22,2.51,824.96,72.2,0.36,2.6,1.243,
35,USDCHF,28,1100,300,1526.1,3.69,275.79,71.4,0.55,5.5,1.24,
36,USDCAD,21,1200,500,1957.38,2.96,837.06,75.0,0.41,2.3,1.235,
37,USDCAD,28,1100,1100,2113.54,2.39,764.43,73.7,0.33,2.8,1.221,
38,USDCAD,28,900,900,2064.51,2.51,655.49,68.4,0.36,3.1,1.22,
39,USDCAD,28,1200,1200,2074.2,2.46,824.96,72.2,0.35,2.5,1.21,
40,USDCAD,28,1100,1200,2041.52,2.35,764.43,73.7,0.32,2.7,1.188,
41,USDCAD,28,900,700,1990.07,2.46,655.49,68.4,0.36,3.0,1.185,
42,USDCAD,28,1200,900,2013.07,2.42,824.96,72.2,0.35,2.4,1.181,
43,USDCHF,28,1100,700,1444.81,3.54,275.79,69.2,0.45,5.2,1.18,
44,USDCAD,21,300,1200,2174.07,2.16,1004.72,59.3,0.3,2.2,1.178,
45,USDCAD,28,1100,900,1980.38,2.31,764.43,73.7,0.32,2.6,1.16,
46,USDCAD,28,1200,700,1938.62,2.37,824.96,72.2,0.34,2.3,1.147,
47,USDCAD,21,500,500,1828.47,2.62,965.98,71.4,0.42,1.9,1.133,
48,USDCAD,14,700,900,1845.41,2.55,534.44,54.5,0.36,3.5,1.133,
49,USDCAD,28,1100,700,1905.94,2.26,764.43,73.7,0.32,2.5,1.125,
50,USDCAD,14,700,1100,1828.47,2.53,534.44,54.5,0.35,3.4,1.125,
51,USDCAD,21,300,1100,2053.01,2.09,1004.72,59.3,0.29,2.0,1.125,
52,USDCAD,28,700,500,1672.31,2.49,534.44,68.4,0.39,3.1,1.081,
53,USDCAD,21,300,900,1948.91,2.04,1004.72,59.3,0.29,1.9,1.079,
54,EURUSD,28,1100,300,1322.12,3.22,396.05,80.0,0.5,3.3,1.077,TOP
55,EURUSD,28,1100,1200,1340.66,3.25,396.05,76.9,0.34,3.4,1.076,
56,USDCAD,14,700,1200,1716.49,2.44,534.44,54.5,0.35,3.2,1.069,
57,USDCAD,28,300,1200,1919.25,2.02,1004.72,56.0,0.28,1.9,1.061,
58,USDCAD,28,500,1100,1848.44,2.04,965.98,61.9,0.3,1.9,1.048,
59,USDCAD,14,900,900,1724.36,2.31,655.49,54.5,0.32,2.6,1.043,
60,USDCAD,14,900,1100,1707.42,2.3,655.49,54.5,0.31,2.6,1.035,
61,USDCAD,28,500,900,1806.68,2.02,965.98,61.9,0.3,1.9,1.03,
62,EURUSD,28,1100,1100,1256.39,3.11,396.05,76.9,0.34,3.2,1.025,
63,USDCAD,14,700,700,1620.26,2.36,534.44,54.5,0.34,3.0,1.021,
64,USDCAD,21,700,300,1341.84,2.92,534.44,75.0,0.45,2.5,1.02,
65,USDCAD,28,500,1200,1776.41,2.0,965.98,61.9,0.29,1.8,1.016,
66,USDCAD,28,300,1100,1798.2,1.96,1004.72,56.0,0.27,1.8,1.008,
67,USDCAD,28,300,900,1756.44,1.94,1004.72,56.0,0.27,1.7,0.989,
68,USDCAD,14,900,1200,1595.44,2.22,655.49,54.5,0.3,2.4,0.981,
69,USDCAD,21,300,700,1708.63,1.91,1004.72,59.3,0.28,1.7,0.973,
70,USDCAD,14,1100,900,1603.31,2.12,776.54,54.5,0.28,2.1,0.963,
71,USDCAD,14,1100,1100,1586.37,2.11,776.54,54.5,0.27,2.0,0.955,
72,USDCAD,14,900,700,1499.21,2.14,655.49,54.5,0.3,2.3,0.935,
73,USDCAD,28,500,700,1587.58,1.9,965.98,61.9,0.28,1.6,0.933,
74,USDCAD,14,1200,900,1542.79,2.03,837.06,54.5,0.26,1.8,0.926,
75,EURUSD,28,1100,900,1087.86,2.83,396.05,76.9,0.34,2.7,0.921,
76,USDCAD,14,1200,1100,1525.84,2.02,837.06,54.5,0.25,1.8,0.918,
77,USDCAD,28,900,500,1430.21,2.05,655.49,68.4,0.29,2.2,0.917,
78,USDCAD,21,900,300,1220.79,2.49,655.49,75.0,0.36,1.9,0.906,
79,USDCAD,14,1100,1200,1474.39,2.03,776.54,54.5,0.26,1.9,0.903,
80,USDCAD,14,700,500,1376.34,2.15,534.44,54.5,0.32,2.6,0.9,
81,USDCAD,28,300,700,1537.34,1.82,1004.72,56.0,0.26,1.5,0.893,
82,USDCAD,28,1200,500,1378.76,1.97,824.96,72.2,0.27,1.7,0.884,
83,USDCAD,14,1200,1200,1413.87,1.95,837.06,54.5,0.24,1.7,0.866,
84,USDCAD,28,1100,500,1346.08,1.89,764.43,73.7,0.25,1.8,0.865,
85,USDCAD,14,1100,700,1378.16,1.96,776.54,54.5,0.25,1.8,0.858,
86,NZDUSD,14,500,500,1291.78,1.87,443.23,66.7,0.22,2.9,0.855,TOP
87,EURUSD,28,1100,500,966.52,2.62,396.05,78.6,0.36,2.4,0.851,
88,NZDUSD,28,1200,500,1017.92,2.43,345.49,69.2,0.35,2.9,0.84,
89,USDCAD,14,1200,700,1317.63,1.88,837.06,54.5,0.23,1.6,0.821,
90,EURUSD,28,1100,700,919.33,2.55,396.05,76.9,0.33,2.3,0.818,
91,USDCAD,14,900,500,1255.29,1.96,655.49,54.5,0.27,1.9,0.817,
92,USDCAD,14,500,900,1373.92,1.67,839.48,53.8,0.21,1.6,0.814,
93,USDCHF,28,700,500,1287.36,1.72,776.94,68.8,0.21,1.7,0.812,
94,USDCAD,21,1100,300,1099.74,2.17,776.54,75.0,0.28,1.4,0.811,
95,NZDUSD,14,700,500,1173.81,1.97,611.76,69.2,0.22,1.9,0.81,
96,USDCAD,14,500,1100,1356.97,1.67,839.48,53.8,0.21,1.6,0.807,
97,NZDUSD,28,1200,700,955.57,2.34,385.93,69.2,0.33,2.5,0.797,
98,USDCAD,14,500,700,1303.71,1.64,839.48,53.8,0.21,1.6,0.783,
99,AUDUSD,28,900,300,800.52,2.49,319.36,73.3,0.34,2.5,0.769,TOP
100,USDCAD,21,1200,300,1039.22,2.04,837.06,75.0,0.25,1.2,0.769,
101,NZDUSD,28,1200,300,901.64,2.26,444.92,71.4,0.35,2.0,0.764,
102,USDCAD,14,500,1200,1245.0,1.61,839.48,53.8,0.2,1.5,0.757,
103,USDCHF,28,700,1200,1162.84,1.65,776.94,66.7,0.17,1.5,0.752,
104,USDCAD,14,1100,500,1134.24,1.79,776.54,54.5,0.22,1.5,0.743,
105,USDCAD,21,300,500,1134.24,1.6,1004.72,59.3,0.21,1.1,0.719,
106,NZDUSD,14,500,700,997.7,1.67,443.23,66.7,0.19,2.3,0.712,
107,USDCAD,14,1200,500,1073.72,1.72,837.06,54.5,0.2,1.3,0.708,
108,NZDUSD,28,1200,900,800.52,2.12,385.93,69.2,0.3,2.1,0.706,
109,NZDUSD,14,900,500,1005.28,1.73,780.29,69.2,0.17,1.3,0.706,
110,USDCHF,28,700,1100,1059.94,1.59,776.94,66.7,0.16,1.4,0.705,
111,USDCAD,21,500,300,910.3,1.81,965.98,71.4,0.26,0.9,0.683,
112,USDCAD,28,500,500,1027.72,1.58,965.98,61.9,0.21,1.1,0.682,
113,NZDUSD,14,700,700,894.05,1.74,611.76,69.2,0.19,1.5,0.672,
114,AUDUSD,28,900,500,650.53,2.21,319.36,73.3,0.28,2.0,0.669,
115,USDCAD,28,300,500,977.48,1.52,1004.72,56.0,0.19,1.0,0.645,
116,NZDUSD,14,700,300,824.11,1.68,611.76,69.2,0.18,1.3,0.638,
117,EURUSD,21,1100,1200,815.69,1.65,608.39,73.3,0.17,1.3,0.637,
118,USDCAD,28,700,300,789.85,1.7,534.44,68.4,0.22,1.5,0.632,
119,USDCAD,14,500,500,938.75,1.46,839.48,53.8,0.16,1.1,0.622,
120,NZDUSD,14,1100,500,836.75,1.54,948.82,69.2,0.13,0.9,0.613,
121,USDCHF,28,700,900,854.12,1.48,776.94,66.7,0.14,1.1,0.612,
122,USDCHF,28,900,500,875.73,1.4,982.76,68.8,0.12,0.9,0.608,
123,USDCAD,14,700,300,773.51,1.65,534.44,59.1,0.21,1.4,0.605,
124,NZDUSD,14,500,300,773.55,1.52,443.23,66.7,0.16,1.7,0.604,
125,EURUSD,21,1100,1100,731.42,1.59,608.39,73.3,0.16,1.2,0.596,
126,AUDUSD,28,900,700,527.5,1.98,319.36,73.3,0.25,1.7,0.588,
127,NZDUSD,14,300,500,809.79,1.37,769.34,62.5,0.12,1.1,0.575,
128,NZDUSD,14,900,700,725.52,1.53,780.29,69.2,0.13,0.9,0.574,
129,NZDUSD,14,1200,500,752.49,1.46,1033.09,69.2,0.11,0.7,0.57,
130,NZDUSD,14,300,700,770.18,1.35,769.34,62.5,0.12,1.0,0.558,
131,AUDUSD,28,700,700,605.87,1.59,609.24,75.0,0.15,1.0,0.551,
132,USDCHF,28,900,1200,751.22,1.34,1159.76,66.7,0.1,0.6,0.548,
133,NZDUSD,14,900,300,655.58,1.47,780.29,69.2,0.12,0.8,0.541,
134,USDCAD,14,300,1200,843.72,1.28,1079.16,40.0,0.1,0.8,0.535,
135,USDCAD,14,300,900,837.67,1.27,1079.16,40.0,0.1,0.8,0.533,
136,NZDUSD,14,300,900,712.04,1.32,769.34,62.5,0.11,0.9,0.532,
137,USDCAD,14,900,300,652.46,1.5,655.49,59.1,0.16,1.0,0.532,
138,EURUSD,28,700,300,600.81,1.42,607.55,76.5,0.14,1.0,0.53,
139,EURUSD,28,700,1200,619.35,1.44,784.51,73.3,0.12,0.8,0.528,
140,AUDUSD,28,700,500,560.36,1.54,609.24,75.0,0.15,0.9,0.528,
141,USDCHF,28,700,700,648.31,1.36,776.94,66.7,0.11,0.8,0.519,
142,AUDUSD,28,700,300,541.82,1.53,609.24,75.0,0.15,0.9,0.518,
143,AUDUSD,14,900,300,572.16,1.47,610.92,69.6,0.15,0.9,0.514,
144,EURUSD,21,1100,900,562.89,1.45,608.39,73.3,0.13,0.9,0.514,
145,USDCAD,14,300,1100,783.2,1.26,1079.16,40.0,0.09,0.7,0.51,
146,EURUSD,28,900,1200,564.58,1.41,839.28,71.4,0.11,0.7,0.5,
147,EURUSD,28,900,300,546.04,1.4,776.08,75.0,0.13,0.7,0.499,
148,USDCAD,28,1100,300,559.25,1.37,764.43,73.7,0.11,0.7,0.498,
149,EURUSD,21,1100,300,526.66,1.4,664.01,76.5,0.14,0.8,0.497,
150,USDCHF,28,700,300,586.57,1.33,860.3,68.8,0.11,0.7,0.493,
151,USDCAD,28,900,300,547.75,1.4,655.49,68.4,0.13,0.8,0.493,
152,EURUSD,28,700,1100,535.08,1.38,784.51,73.3,0.1,0.7,0.488,
153,NZDUSD,14,1100,700,556.99,1.36,948.82,69.2,0.09,0.6,0.485,
154,NZDUSD,28,700,500,539.3,1.34,690.13,66.7,0.11,0.8,0.477,
155,NZDUSD,21,700,500,531.71,1.41,731.42,61.1,0.13,0.7,0.476,
156,EURUSD,28,500,1200,517.39,1.34,886.47,68.8,0.1,0.6,0.468,
157,USDCAD,28,1200,300,496.31,1.35,824.96,72.2,0.11,0.6,0.468,
158,EURUSD,28,500,300,498.85,1.33,878.04,72.2,0.12,0.6,0.466,
159,AUDUSD,28,700,900,441.55,1.43,609.24,75.0,0.12,0.7,0.466,
160,USDCAD,14,1100,300,531.41,1.37,776.54,59.1,0.12,0.7,0.466,
161,EURUSD,28,900,1100,480.31,1.35,839.28,71.4,0.1,0.6,0.46,
162,NZDUSD,14,1100,300,487.05,1.31,948.82,69.2,0.08,0.5,0.453,
163,NZDUSD,21,700,300,458.4,1.36,674.12,63.2,0.12,0.7,0.444,
164,NZDUSD,14,1200,700,472.73,1.29,1033.09,69.2,0.07,0.5,0.443,
165,USDCAD,14,1200,300,470.89,1.32,837.06,59.1,0.1,0.6,0.434,
166,EURUSD,21,1100,700,394.36,1.32,608.39,73.3,0.1,0.6,0.431,
167,EURUSD,28,500,1100,433.12,1.29,886.47,68.8,0.09,0.5,0.429,
168,USDCHF,28,900,900,442.5,1.2,1159.76,66.7,0.06,0.4,0.416,
169,NZDUSD,14,1200,300,402.79,1.25,1033.09,69.2,0.06,0.4,0.412,
170,AUDUSD,14,500,300,386.78,1.23,567.95,68.0,0.08,0.7,0.409,
171,EURUSD,28,700,900,366.55,1.26,784.51,73.3,0.08,0.5,0.409,
172,AUDUSD,14,500,700,358.13,1.22,653.05,68.0,0.07,0.5,0.394,
173,USDJPY,21,1100,500,432.96,1.14,1804.11,60.9,0.06,0.2,0.394,
174,NZDUSD,14,300,300,389.3,1.18,699.4,62.5,0.07,0.6,0.392,
175,USDJPY,28,500,300,350.93,1.2,1292.92,71.4,0.09,0.3,0.39,
176,NZDUSD,21,900,500,363.18,1.25,899.95,61.1,0.08,0.4,0.387,
177,NZDUSD,28,700,700,347.17,1.22,860.35,66.7,0.08,0.4,0.386,
178,USDCHF,28,300,500,444.56,1.14,1763.82,52.2,0.06,0.3,0.385,
179,AUDUSD,14,900,500,308.41,1.25,610.92,69.6,0.09,0.5,0.383,
180,USDCAD,14,300,700,471.49,1.15,1079.16,40.0,0.06,0.4,0.381,
181,EURUSD,28,900,900,311.78,1.23,839.28,71.4,0.07,0.4,0.381,
182,AUDUSD,28,500,500,269.65,1.19,479.47,72.2,0.06,0.6,0.366,
183,AUDUSD,14,500,500,291.56,1.18,653.05,68.0,0.06,0.4,0.363,
184,USDCAD,21,300,300,321.39,1.17,1004.72,59.3,0.07,0.3,0.358,
185,NZDUSD,21,700,700,287.34,1.22,731.42,61.1,0.08,0.4,0.357,
186,NZDUSD,21,900,300,289.87,1.2,842.65,63.2,0.07,0.3,0.356,
187,AUDUSD,28,500,300,251.11,1.18,648.0,72.2,0.06,0.4,0.354,
188,EURUSD,28,700,500,245.21,1.17,784.51,75.0,0.06,0.3,0.354,
189,EURUSD,28,500,900,264.59,1.17,886.47,68.8,0.06,0.3,0.351,
190,EURUSD,21,500,1200,279.76,1.15,760.07,66.7,0.05,0.4,0.351,
191,EURUSD,21,1100,500,225.83,1.18,608.39,73.3,0.07,0.4,0.347,
192,NZDUSD,28,700,300,254.48,1.16,861.19,68.8,0.06,0.3,0.346,
193,AUDUSD,14,700,700,248.58,1.14,864.56,66.7,0.05,0.3,0.337,
194,EURUSD,28,700,700,198.02,1.14,784.51,73.3,0.05,0.3,0.329,
195,USDCHF,28,900,700,236.68,1.11,1159.76,66.7,0.04,0.2,0.327,
196,EURUSD,28,300,1200,252.8,1.12,811.47,60.0,0.04,0.3,0.326,
197,EURUSD,28,900,500,190.44,1.14,839.28,73.3,0.04,0.2,0.326,
198,NZDUSD,28,900,500,202.24,1.1,1027.19,66.7,0.04,0.2,0.315,
199,NZDUSD,28,700,900,192.12,1.12,860.35,66.7,0.04,0.2,0.314,
200,EURUSD,21,500,1100,195.49,1.1,760.07,66.7,0.04,0.3,0.313,
201,AUDUSD,14,700,900,190.44,1.1,864.56,66.7,0.04,0.2,0.311,
202,NZDUSD,21,1100,500,194.65,1.12,1068.48,61.1,0.04,0.2,0.305,
203,AUDUSD,14,700,300,175.27,1.1,756.7,66.7,0.03,0.2,0.305,
204,USDJPY,7,700,300,187.96,1.05,1310.84,68.3,0.02,0.1,0.304,
205,USDJPY,21,1200,500,215.67,1.07,2021.4,60.9,0.03,0.1,0.304,
206,USDCHF,28,900,300,174.94,1.08,1271.92,68.8,0.03,0.1,0.303,
207,EURUSD,28,900,700,143.25,1.1,839.28,71.4,0.03,0.2,0.3,
208,USDCAD,28,300,300,200.34,1.11,1004.72,56.0,0.05,0.2,0.299,
209,EURUSD,28,500,500,143.25,1.09,886.47,70.6,0.03,0.2,0.298,
210,USDJPY,28,500,500,191.22,1.07,1563.45,57.1,0.03,0.1,0.291,
211,EURUSD,28,300,1100,168.53,1.08,811.47,60.0,0.03,0.2,0.289,
212,USDJPY,21,700,300,141.79,1.06,1058.24,67.9,0.02,0.1,0.287,
213,USDCAD,28,500,300,145.26,1.08,965.98,61.9,0.03,0.2,0.284,
214,USDJPY,28,700,300,95.61,1.05,1689.48,75.0,0.02,0.1,0.279,
215,NZDUSD,21,1100,300,121.34,1.07,1011.18,63.2,0.02,0.1,0.275,
216,EURUSD,28,500,700,96.06,1.06,886.47,68.8,0.02,0.1,0.273,
217,NZDUSD,21,900,700,118.81,1.08,899.95,61.1,0.03,0.1,0.273,
218,NZDUSD,21,1200,500,110.39,1.06,1152.75,61.1,0.02,0.1,0.266,
219,USDJPY,14,700,300,83.66,1.03,2027.92,71.0,0.01,0.0,0.266,
220,USDJPY,28,1100,700,120.06,1.04,2791.72,60.0,0.02,0.0,0.264,
221,NZDUSD,21,500,500,123.03,1.06,562.89,55.0,0.02,0.2,0.264,
222,USDJPY,7,1100,300,87.46,1.03,1556.93,68.4,0.01,0.1,0.263,
223,AUDUSD,14,700,500,80.05,1.04,864.56,66.7,0.02,0.1,0.261,
224,EURUSD,21,700,1200,44.66,1.02,765.13,72.2,0.01,0.1,0.253,
225,NZDUSD,28,500,700,87.64,1.04,966.52,58.8,0.02,0.1,0.252,
226,USDCHF,28,500,500,90.56,1.03,1645.48,57.9,0.01,0.1,0.249,
227,EURUSD,21,900,1200,39.6,1.02,776.08,68.8,0.01,0.1,0.246,
228,USDCAD,14,500,300,86.55,1.04,803.77,53.8,0.02,0.1,0.244,
229,USDCHF,21,900,500,40.13,1.01,1474.65,65.2,0.0,0.0,0.239,
230,EURUSD,21,500,900,26.96,1.01,760.07,66.7,0.01,0.0,0.237,
231,NZDUSD,21,1200,300,37.08,1.02,1095.45,63.2,0.01,0.0,0.236,
232,USDCHF,21,1100,500,19.55,1.01,1680.46,68.2,0.0,0.0,0.235,
233,NZDUSD,28,900,700,10.11,1.01,1197.41,66.7,0.0,0.0,0.229,
234,EURUSD,21,500,300,-9.27,1.0,815.69,70.0,-0.0,-0.0,0.226,
235,EURUSD,21,700,1100,-39.6,0.98,765.13,72.2,-0.01,-0.1,0.216,
236,EURUSD,28,300,900,0.0,1.0,811.47,60.0,0.0,0.0,0.215,
237,USDJPY,14,900,300,-38.57,0.99,2150.15,70.4,-0.01,-0.0,0.215,
238,AUDUSD,28,500,700,-45.5,0.97,671.59,72.2,-0.01,-0.1,0.211,
239,NZDUSD,28,500,500,-10.11,1.0,886.47,58.8,-0.0,-0.0,0.209,
240,EURUSD,21,900,1100,-44.66,0.98,776.08,68.8,-0.01,-0.1,0.208,
241,GBPUSD,28,500,300,-1.69,1.0,1304.42,55.0,-0.0,-0.0,0.207,
242,USDCHF,28,300,1200,13.38,1.0,1763.82,50.0,0.0,0.0,0.205,
243,EURUSD,14,1100,900,-4.21,1.0,674.96,52.6,-0.0,-0.0,0.202,
244,EURUSD,14,1100,1100,-17.7,0.99,674.96,52.6,-0.0,-0.0,0.196,
245,EURUSD,14,1100,700,-17.7,0.99,674.96,52.6,-0.0,-0.0,0.196,
246,NZDUSD,21,500,300,-34.55,0.98,642.1,57.1,-0.01,-0.1,0.195,
247,USDCHF,28,500,1200,-33.96,0.99,1944.93,55.6,-0.0,-0.0,0.194,
248,NZDUSD,21,1100,700,-49.72,0.97,1068.48,61.1,-0.01,-0.0,0.194,
249,USDCHF,21,1200,500,-83.35,0.97,1783.37,68.2,-0.01,-0.0,0.193,
250,NZDUSD,28,900,300,-82.58,0.96,1198.25,68.8,-0.02,-0.1,0.192,
251,EURUSD,28,300,500,-72.47,0.97,811.47,59.1,-0.01,-0.1,0.182,
252,EURUSD,14,500,900,-52.24,0.97,826.64,52.4,-0.01,-0.1,0.18,
253,NZDUSD,28,300,700,-54.77,0.98,1277.46,52.4,-0.01,-0.0,0.18,
254,EURUSD,21,300,1200,-71.63,0.97,814.84,56.0,-0.01,-0.1,0.178,
255,GBPUSD,28,900,300,-71.63,0.97,1374.36,55.6,-0.01,-0.1,0.177,
256,USDJPY,28,1200,700,-97.24,0.97,3009.02,60.0,-0.01,-0.0,0.176,
257,USDJPY,7,1200,300,-129.83,0.96,1774.23,68.4,-0.01,-0.1,0.175,
258,EURUSD,14,500,1100,-65.73,0.97,826.64,52.4,-0.01,-0.1,0.174,
259,EURUSD,14,500,700,-65.73,0.97,826.64,52.4,-0.01,-0.1,0.174,
260,USDJPY,7,500,300,-120.06,0.97,1146.24,64.4,-0.01,-0.1,0.173,
261,USDJPY,7,900,300,-129.83,0.96,1165.8,65.8,-0.02,-0.1,0.17,
262,GBPUSD,28,1100,300,-116.29,0.95,1419.02,61.1,-0.02,-0.1,0.167,
263,NZDUSD,28,1100,500,-134.82,0.94,1364.25,66.7,-0.02,-0.1,0.167,
264,AUDUSD,14,300,300,-115.44,0.95,680.86,62.1,-0.02,-0.2,0.167,
265,USDCHF,28,300,1100,-89.53,0.97,1763.82,50.0,-0.01,-0.1,0.163,
266,NZDUSD,28,500,900,-115.44,0.95,966.52,58.8,-0.02,-0.1,0.163,
267,NZDUSD,28,900,900,-144.94,0.92,1197.41,66.7,-0.03,-0.1,0.161,
268,EURUSD,21,500,700,-141.57,0.92,760.07,66.7,-0.03,-0.2,0.161,
269,EURUSD,14,700,900,-118.81,0.94,828.32,57.1,-0.02,-0.1,0.158,
270,NZDUSD,21,1200,700,-133.98,0.92,1152.75,61.1,-0.03,-0.1,0.156,
271,AUDUSD,14,300,700,-144.09,0.94,787.04,62.1,-0.03,-0.2,0.155,
272,USDJPY,28,700,500,-132.55,0.95,2033.9,55.6,-0.03,-0.1,0.153,
273,USDCHF,28,500,1100,-136.87,0.95,1944.93,55.6,-0.02,-0.1,0.152,
274,EURUSD,14,700,1100,-132.3,0.94,828.32,57.1,-0.02,-0.2,0.152,
275,EURUSD,14,700,700,-132.3,0.94,828.32,57.1,-0.02,-0.2,0.152,
276,USDCAD,14,300,500,-85.34,0.97,1079.16,40.0,-0.01,-0.1,0.149,
277,USDJPY,28,1100,300,-230.33,0.89,2015.43,77.8,-0.04,-0.1,0.143,
278,AUDUSD,21,900,300,-99.43,0.9,723.84,46.7,-0.04,-0.1,0.143,
279,EURUSD,21,300,1100,-155.89,0.94,814.84,56.0,-0.02,-0.2,0.142,
280,EURUSD,21,700,900,-208.13,0.91,765.13,72.2,-0.04,-0.3,0.142,
281,EURUSD,28,300,700,-168.53,0.92,811.47,60.0,-0.03,-0.2,0.14,
282,NZDUSD,28,300,500,-152.52,0.93,1114.83,52.4,-0.03,-0.1,0.138,
283,USDCHF,21,700,500,-204.78,0.94,1381.01,62.5,-0.02,-0.1,0.136,
284,USDJPY,28,900,700,-170.58,0.95,2577.14,52.9,-0.03,-0.1,0.135,
285,EURUSD,28,300,300,-189.6,0.92,811.47,60.9,-0.04,-0.2,0.134,
286,EURUSD,21,900,900,-213.19,0.89,776.08,68.8,-0.04,-0.3,0.133,
287,GBPUSD,28,1200,300,-192.12,0.92,1494.86,58.8,-0.03,-0.1,0.131,
288,EURUSD,21,700,300,-244.37,0.89,820.74,75.0,-0.04,-0.3,0.13,
289,USDJPY,14,900,500,-211.32,0.94,2317.47,58.3,-0.03,-0.1,0.127,
290,AUDUSD,14,300,500,-210.66,0.91,787.04,62.1,-0.04,-0.3,0.125,
291,USDJPY,7,900,900,-189.05,0.94,2108.87,50.0,-0.02,-0.1,0.124,
292,USDCHF,14,900,500,-195.52,0.93,1419.08,52.2,-0.02,-0.1,0.123,
293,EURUSD,21,900,300,-249.42,0.88,776.08,72.2,-0.05,-0.3,0.122,
294,NZDUSD,21,500,700,-188.75,0.91,562.89,55.0,-0.04,-0.3,0.121,
295,USDCHF,14,1100,500,-216.1,0.93,1624.89,54.5,-0.03,-0.1,0.118,
296,EURUSD,14,1100,500,-197.18,0.89,808.94,52.6,-0.04,-0.2,0.115,
297,EURUSD,14,900,900,-237.63,0.89,889.84,55.0,-0.04,-0.3,0.103,
298,AUDUSD,21,500,300,-193.81,0.85,1012.02,47.1,-0.06,-0.2,0.103,
299,USDJPY,21,700,500,-254.24,0.93,1762.82,50.0,-0.03,-0.1,0.097,
300,EURUSD,14,900,1100,-251.11,0.88,889.84,55.0,-0.04,-0.3,0.097,
301,EURUSD,14,900,700,-251.11,0.88,889.84,55.0,-0.04,-0.3,0.097,
302,EURUSD,14,500,500,-245.21,0.87,856.98,52.4,-0.05,-0.3,0.094,
303,NZDUSD,28,300,900,-257.85,0.89,1277.46,52.4,-0.05,-0.2,0.093,
304,USDJPY,28,500,700,-267.28,0.92,2239.24,47.6,-0.04,-0.1,0.088,
305,NZDUSD,28,500,300,-294.93,0.86,967.36,61.1,-0.06,-0.3,0.087,
306,NZDUSD,28,1100,700,-326.95,0.86,1534.47,66.7,-0.05,-0.2,0.086,
307,EURUSD,21,500,500,-310.1,0.83,760.07,66.7,-0.07,-0.4,0.084,
308,USDCHF,21,500,500,-323.13,0.91,1565.21,59.3,-0.04,-0.2,0.084,
309,USDCHF,28,300,900,-295.34,0.9,1763.82,50.0,-0.04,-0.2,0.079,
310,USDJPY,14,900,700,-302.59,0.91,2492.94,50.0,-0.04,-0.1,0.078,
311,AUDUSD,21,700,700,-263.75,0.82,1176.34,50.0,-0.06,-0.2,0.078,
312,USDCHF,14,1200,500,-319.01,0.9,1727.8,54.5,-0.04,-0.2,0.077,
313,USDJPY,28,1200,300,-393.31,0.83,2178.4,77.8,-0.07,-0.2,0.076,
314,EURUSD,14,700,500,-311.78,0.85,923.54,57.1,-0.06,-0.3,0.073,
315,EURUSD,21,300,900,-324.42,0.88,814.84,56.0,-0.05,-0.4,0.07,
316,USDCHF,28,500,900,-342.68,0.89,1944.93,55.6,-0.05,-0.2,0.068,
317,AUDUSD,21,500,500,-267.96,0.8,1012.02,47.1,-0.08,-0.3,0.067,
318,EURUSD,21,700,700,-376.66,0.83,765.13,72.2,-0.07,-0.5,0.067,
319,USDJPY,28,500,1100,-307.48,0.9,2239.24,42.1,-0.05,-0.1,0.063,
320,USDJPY,14,900,1100,-328.12,0.9,2616.25,45.5,-0.04,-0.1,0.062,
321,USDJPY,21,900,500,-362.89,0.9,1594.96,53.8,-0.04,-0.2,0.06,
322,USDCHF,14,300,500,-339.59,0.91,1361.45,46.7,-0.04,-0.2,0.058,
323,EURUSD,21,900,700,-381.72,0.81,776.08,68.8,-0.08,-0.5,0.057,
324,USDJPY,28,900,300,-447.63,0.82,2232.73,75.0,-0.08,-0.2,0.051,
325,NZDUSD,28,1100,300,-419.64,0.81,1535.31,68.8,-0.07,-0.3,0.049,
326,USDCHF,14,700,500,-374.58,0.9,1396.44,50.0,-0.04,-0.3,0.048,
327,USDCHF,21,700,900,-429.12,0.88,1381.01,62.5,-0.05,-0.3,0.044,
328,USDJPY,14,1100,300,-473.16,0.85,2584.75,70.4,-0.06,-0.2,0.039,
329,USDCHF,21,900,700,-450.73,0.84,1474.65,65.2,-0.06,-0.3,0.036,
330,AUDUSD,21,700,300,-358.13,0.76,1176.34,50.0,-0.1,-0.3,0.034,
331,USDCHF,21,1100,700,-471.31,0.83,1680.46,68.2,-0.06,-0.3,0.033,
332,USDCHF,14,300,900,-417.8,0.89,1352.19,46.7,-0.05,-0.3,0.026,
333,USDCHF,21,700,700,-489.84,0.86,1381.01,62.5,-0.06,-0.4,0.02,
334,NZDUSD,28,1100,900,-482.0,0.79,1534.47,66.7,-0.08,-0.3,0.019,
335,EURUSD,14,900,500,-430.59,0.8,1042.36,55.0,-0.08,-0.4,0.019,
336,USDCHF,14,900,300,-462.05,0.84,1389.24,56.5,-0.06,-0.3,0.019,
337,USDJPY,21,900,300,-510.1,0.84,1601.48,67.9,-0.07,-0.3,0.018,
338,AUDUSD,28,300,500,-447.45,0.82,1001.07,56.5,-0.09,-0.4,0.017,
339,USDJPY,28,1100,500,-493.81,0.83,2791.72,62.5,-0.08,-0.2,0.017,
340,USDCHF,14,700,900,-452.79,0.87,1319.26,50.0,-0.05,-0.3,0.016,
341,AUDUSD,21,900,500,-342.12,0.66,723.84,46.7,-0.15,-0.5,0.016,
342,USDJPY,14,900,900,-443.83,0.87,2648.85,45.5,-0.06,-0.2,0.015,
343,USDCHF,14,1100,300,-482.63,0.84,1595.05,59.1,-0.06,-0.3,0.015,
344,USDCHF,14,500,500,-469.25,0.88,1491.12,50.0,-0.05,-0.3,0.011,
345,GBPUSD,28,900,500,-447.45,0.79,1205.83,50.0,-0.08,-0.4,0.006,
346,USDJPY,21,1100,300,-548.13,0.81,2144.72,68.0,-0.08,-0.3,0.003,
347,AUDUSD,21,700,900,-428.07,0.71,1176.34,50.0,-0.11,-0.4,0.001,
348,USDCHF,14,300,700,-478.52,0.87,1352.19,46.7,-0.06,-0.4,0.001,
349,AUDUSD,21,700,500,-432.28,0.71,1176.34,50.0,-0.12,-0.4,-0.001,
350,EURUSD,21,300,300,-501.38,0.83,857.82,57.1,-0.08,-0.6,-0.001,
351,EURUSD,21,300,700,-492.95,0.82,814.84,56.0,-0.09,-0.6,-0.002,
352,USDCHF,28,300,700,-501.15,0.84,1763.82,50.0,-0.07,-0.3,-0.005,
353,USDCHF,21,500,900,-547.46,0.85,1565.21,59.3,-0.06,-0.3,-0.007,
354,EURUSD,21,700,500,-545.19,0.75,765.13,72.2,-0.1,-0.7,-0.008,
355,USDCHF,21,1200,700,-574.22,0.8,1783.37,68.2,-0.07,-0.3,-0.008,
356,USDCHF,14,700,700,-513.5,0.86,1337.78,50.0,-0.06,-0.4,-0.008,
357,AUDUSD,28,300,300,-511.49,0.79,1061.74,56.5,-0.1,-0.5,-0.01,
358,USDCHF,21,900,300,-560.84,0.8,1403.64,65.2,-0.07,-0.4,-0.01,
359,GBPUSD,28,500,500,-491.26,0.79,1249.65,50.0,-0.1,-0.4,-0.011,
360,USDJPY,7,900,500,-537.81,0.85,1845.94,53.1,-0.07,-0.3,-0.012,
361,USDCHF,21,1100,300,-581.42,0.79,1609.46,68.2,-0.07,-0.4,-0.013,
362,USDCHF,28,500,700,-548.49,0.82,1944.93,55.6,-0.08,-0.3,-0.016,
363,EURUSD,21,900,500,-550.25,0.73,776.08,68.8,-0.12,-0.7,-0.018,
364,USDJPY,7,300,300,-555.74,0.86,1529.23,53.1,-0.07,-0.4,-0.019,
365,EURUSD,21,300,500,-535.93,0.82,811.47,55.6,-0.09,-0.7,-0.019,
366,USDCHF,14,900,700,-540.26,0.82,1419.08,52.2,-0.07,-0.4,-0.02,
367,USDCHF,14,500,900,-547.46,0.86,1485.97,50.0,-0.06,-0.4,-0.02,
368,EURUSD,14,1100,300,-498.01,0.73,977.47,52.6,-0.12,-0.5,-0.02,
369,USDCHF,14,1100,700,-560.84,0.81,1624.89,54.5,-0.07,-0.3,-0.023,
370,AUDUSD,21,500,700,-459.24,0.66,1012.02,47.1,-0.15,-0.5,-0.025,
371,GBPUSD,28,700,300,-550.25,0.79,1852.99,52.6,-0.1,-0.3,-0.026,
372,USDCHF,14,1200,300,-585.54,0.81,1697.96,59.1,-0.07,-0.3,-0.026,
373,GBPUSD,28,900,700,-534.24,0.73,1037.3,53.3,-0.1,-0.5,-0.031,
374,USDCHF,21,500,700,-608.18,0.83,1565.21,59.3,-0.07,-0.4,-0.031,
375,USDJPY,28,500,1200,-548.67,0.83,2239.24,42.1,-0.09,-0.2,-0.035,
376,USDCHF,28,500,300,-610.24,0.8,2057.1,57.9,-0.1,-0.3,-0.038,
377,USDJPY,28,1100,1100,-597.57,0.79,2791.72,53.8,-0.1,-0.2,-0.038,
378,GBPUSD,28,1200,500,-567.95,0.75,1326.33,53.3,-0.1,-0.4,-0.039,
379,EURUSD,14,500,300,-546.04,0.72,1025.51,52.4,-0.13,-0.5,-0.04,
380,USDCHF,14,500,700,-608.18,0.84,1485.97,50.0,-0.07,-0.4,-0.044,
381,USDJPY,14,1200,300,-690.46,0.8,2802.04,70.4,-0.09,-0.2,-0.046,
382,GBPUSD,28,1100,500,-605.87,0.75,1364.25,56.2,-0.1,-0.4,-0.048,
383,GBPUSD,28,500,700,-578.06,0.73,1081.12,52.9,-0.12,-0.5,-0.048,
384,EURUSD,7,900,500,-515.7,0.8,979.16,29.4,-0.08,-0.5,-0.051,
385,USDCHF,21,1200,300,-684.33,0.77,1712.36,68.2,-0.08,-0.4,-0.054,
386,AUDUSD,28,300,700,-619.35,0.75,1049.94,56.5,-0.13,-0.6,-0.057,
387,EURUSD,14,700,300,-612.61,0.71,1092.07,57.1,-0.12,-0.6,-0.058,
388,USDCHF,21,300,500,-673.01,0.84,1819.39,54.5,-0.07,-0.4,-0.06,
389,USDJPY,28,300,300,-603.0,0.76,1189.7,48.1,-0.14,-0.5,-0.061,
390,USDJPY,7,1200,900,-645.37,0.8,2125.16,50.0,-0.08,-0.3,-0.061,
391,USDCHF,14,1200,700,-663.75,0.78,1727.8,54.5,-0.08,-0.4,-0.064,
392,USDJPY,28,1200,500,-711.1,0.77,3009.02,62.5,-0.11,-0.2,-0.069,
393,USDJPY,21,500,300,-690.46,0.79,1559.1,58.1,-0.11,-0.4,-0.071,
394,GBPUSD,28,1200,700,-654.74,0.69,1157.8,57.1,-0.12,-0.6,-0.075,
395,GBPUSD,28,300,300,-667.38,0.79,1189.82,50.0,-0.11,-0.6,-0.076,
396,USDJPY,28,700,700,-675.79,0.8,2430.47,44.4,-0.11,-0.3,-0.081,
397,USDJPY,21,1200,300,-765.43,0.76,2362.02,68.0,-0.1,-0.3,-0.083,
398,GBPUSD,28,1100,700,-692.66,0.69,1195.72,60.0,-0.12,-0.6,-0.083,
399,USDCHF,28,300,300,-699.76,0.77,1804.98,52.2,-0.11,-0.4,-0.083,
400,EURUSD,7,900,700,-592.38,0.77,958.94,29.4,-0.09,-0.6,-0.084,
401,USDJPY,14,1100,500,-754.56,0.8,2855.28,58.3,-0.09,-0.3,-0.086,
402,USDCAD,7,300,900,-709.36,0.83,1657.18,44.2,-0.07,-0.4,-0.09,
403,USDCAD,7,900,900,-731.14,0.77,1727.39,51.4,-0.09,-0.4,-0.096,
404,USDJPY,7,900,700,-740.44,0.79,2108.87,50.0,-0.09,-0.4,-0.096,
405,EURUSD,7,500,500,-639.57,0.77,1103.03,30.6,-0.09,-0.6,-0.098,
406,NZDUSD,28,300,300,-712.04,0.73,1278.3,52.2,-0.14,-0.6,-0.098,
407,NZDUSD,21,300,500,-708.67,0.76,1116.51,48.1,-0.12,-0.6,-0.099,
408,GBPUSD,28,900,900,-697.71,0.65,1200.78,53.3,-0.14,-0.6,-0.102,
409,USDCAD,7,500,900,-754.75,0.81,1649.31,46.5,-0.08,-0.5,-0.107,
410,USDJPY,28,900,500,-784.44,0.75,2577.14,55.6,-0.13,-0.3,-0.109,
411,EURUSD,14,900,300,-731.42,0.66,1210.89,55.0,-0.15,-0.6,-0.111,
412,USDJPY,28,500,900,-742.07,0.77,2239.24,42.1,-0.13,-0.3,-0.114,
413,GBPUSD,28,500,900,-741.53,0.65,1244.59,52.9,-0.17,-0.6,-0.119,
414,NZDUSD,21,300,700,-765.97,0.74,1221.84,48.1,-0.12,-0.6,-0.122,
415,USDJPY,28,1200,1100,-814.86,0.74,3009.02,53.8,-0.13,-0.3,-0.124,
416,USDCHF,14,300,300,-811.93,0.78,1422.17,50.0,-0.11,-0.6,-0.129,
417,EURUSD,7,500,700,-716.25,0.74,1082.81,30.6,-0.1,-0.7,-0.13,
418,EURUSD,7,700,500,-742.37,0.76,1205.83,33.3,-0.09,-0.6,-0.132,
419,USDJPY,14,1100,700,-845.83,0.78,2927.53,50.0,-0.1,-0.3,-0.135,
420,USDJPY,14,700,500,-872.45,0.8,2294.11,55.2,-0.1,-0.4,-0.136,
421,USDCAD,7,1200,900,-827.38,0.74,1773.99,50.0,-0.1,-0.5,-0.136,
422,USDCHF,14,700,300,-846.92,0.76,1457.16,54.2,-0.11,-0.6,-0.137,
423,USDJPY,7,500,900,-845.83,0.81,1612.89,48.6,-0.09,-0.5,-0.137,
424,USDJPY,28,300,500,-775.75,0.75,1873.1,37.0,-0.14,-0.4,-0.138,
425,GBPUSD,28,1200,900,-818.21,0.61,1321.28,57.1,-0.16,-0.6,-0.145,
426,USDCHF,21,300,900,-897.34,0.78,1778.22,54.5,-0.1,-0.5,-0.149,
427,USDJPY,14,1100,1100,-871.36,0.78,3083.44,45.5,-0.1,-0.3,-0.15,
428,GBPUSD,28,1100,900,-856.13,0.62,1359.19,60.0,-0.15,-0.6,-0.152,
429,EURUSD,14,300,500,-878.04,0.76,1569.01,50.0,-0.12,-0.6,-0.155,
430,NZDUSD,21,300,900,-847.71,0.72,1221.84,48.1,-0.14,-0.7,-0.156,
431,EURUSD,14,300,900,-878.04,0.76,1326.33,50.0,-0.11,-0.7,-0.157,
432,USDJPY,7,500,500,-904.5,0.79,1629.73,51.3,-0.1,-0.6,-0.158,
433,USDCAD,7,900,1100,-887.3,0.72,1727.39,51.4,-0.11,-0.5,-0.159,
434,NZDUSD,21,300,300,-866.24,0.71,1380.26,50.0,-0.15,-0.6,-0.16,
435,EURUSD,14,300,700,-891.52,0.75,1460.31,50.0,-0.12,-0.6,-0.161,
436,EURUSD,14,300,1100,-891.52,0.75,1326.33,50.0,-0.11,-0.7,-0.162,
437,EURUSD,7,700,700,-819.06,0.73,1185.61,33.3,-0.11,-0.7,-0.164,
438,USDJPY,28,900,1100,-888.2,0.72,2577.14,46.7,-0.14,-0.3,-0.165,
439,USDCAD,7,300,1100,-909.69,0.78,1717.1,44.2,-0.1,-0.5,-0.17,
440,USDJPY,7,1200,500,-939.81,0.74,2244.13,53.3,-0.11,-0.4,-0.17,
441,USDJPY,28,1100,900,-923.51,0.68,2791.72,53.8,-0.17,-0.3,-0.172,
442,USDCHF,21,300,700,-958.06,0.77,1838.94,54.5,-0.11,-0.5,-0.173,
443,USDCHF,14,500,300,-941.59,0.75,1551.83,53.8,-0.12,-0.6,-0.173,
444,USDCAD,7,500,1100,-955.09,0.75,1756.44,46.5,-0.1,-0.5,-0.186,
445,EURUSD,7,300,500,-891.52,0.76,1213.42,33.3,-0.1,-0.7,-0.187,
446,USDCHF,21,700,300,-1011.57,0.71,1746.32,62.5,-0.13,-0.6,-0.19,
447,USDJPY,14,1200,500,-1026.18,0.75,3126.9,58.3,-0.12,-0.3,-0.191,
448,GBPUSD,28,700,500,-926.07,0.65,1684.46,47.1,-0.17,-0.5,-0.192,
449,USDCAD,7,900,700,-973.25,0.69,1740.1,51.4,-0.13,-0.6,-0.195,
450,USDJPY,14,1100,900,-987.07,0.75,3192.09,45.5,-0.12,-0.3,-0.196,
451,USDJPY,7,1200,1100,-979.47,0.69,2016.51,50.0,-0.13,-0.5,-0.197,
452,USDCAD,7,1200,1100,-983.53,0.69,1784.89,50.0,-0.12,-0.6,-0.2,
453,USDJPY,7,900,1100,-995.76,0.69,2108.87,48.1,-0.14,-0.5,-0.206,
454,USDCAD,14,300,300,-937.54,0.69,1043.45,40.0,-0.17,-0.9,-0.208,
455,AUDUSD,21,300,500,-958.09,0.62,1253.86,40.9,-0.2,-0.8,-0.222,
456,USDJPY,21,1100,700,-1017.49,0.7,2741.74,40.0,-0.14,-0.4,-0.223,
457,USDJPY,21,1100,1100,-1026.73,0.7,2539.66,42.1,-0.14,-0.4,-0.224,
458,USDJPY,7,700,500,-1094.09,0.75,1998.59,52.8,-0.12,-0.5,-0.227,
459,AUDUSD,21,300,300,-974.1,0.61,1344.03,40.9,-0.21,-0.7,-0.228,
460,GBPUSD,28,700,700,-1012.87,0.59,1515.93,50.0,-0.2,-0.7,-0.229,
461,USDCHF,7,500,300,-1077.43,0.72,1792.63,50.0,-0.12,-0.6,-0.23,
462,USDJPY,7,500,1200,-1089.74,0.75,1987.18,47.2,-0.11,-0.5,-0.234,
463,USDCAD,7,300,700,-1072.51,0.74,1845.41,44.2,-0.12,-0.6,-0.234,
464,USDCAD,7,1200,700,-1069.48,0.67,1836.33,50.0,-0.13,-0.6,-0.234,
465,GBPUSD,28,300,500,-1055.84,0.7,1455.26,44.0,-0.16,-0.7,-0.239,
466,USDJPY,14,1200,700,-1117.45,0.73,3144.83,50.0,-0.13,-0.4,-0.239,
467,USDJPY,21,1100,900,-1063.67,0.69,2648.31,42.1,-0.15,-0.4,-0.239,
468,USDJPY,7,1100,900,-1096.26,0.7,2576.05,48.1,-0.13,-0.4,-0.239,
469,USDCHF,21,500,300,-1129.91,0.69,1864.67,59.3,-0.14,-0.6,-0.24,
470,USDJPY,21,700,1200,-1057.15,0.7,1947.52,36.4,-0.14,-0.5,-0.245,
471,USDJPY,14,700,700,-1133.2,0.74,2639.07,48.1,-0.14,-0.4,-0.248,
472,USDCAD,7,500,700,-1117.9,0.71,1884.75,46.5,-0.13,-0.6,-0.251,
473,EURUSD,7,900,300,-992.64,0.62,1316.22,29.4,-0.19,-0.8,-0.251,
474,USDCAD,7,1100,1100,-1129.4,0.67,1930.75,51.4,-0.13,-0.6,-0.253,
475,USDJPY,14,1200,1100,-1142.98,0.73,3355.06,45.5,-0.13,-0.3,-0.254,
476,USDJPY,21,300,300,-1087.57,0.67,1580.83,42.9,-0.2,-0.7,-0.256,
477,USDJPY,28,1200,900,-1140.81,0.63,3009.02,53.8,-0.2,-0.4,-0.257,
478,USDCAD,7,900,500,-1128.79,0.64,1789.73,51.4,-0.15,-0.6,-0.258,
479,USDJPY,14,700,1100,-1158.74,0.74,2762.39,44.4,-0.13,-0.4,-0.262,
480,GBPUSD,28,300,700,-1124.94,0.67,1341.5,45.8,-0.18,-0.8,-0.268,
481,GBPUSD,7,900,500,-1144.32,0.65,2512.78,42.1,-0.14,-0.5,-0.272,
482,USDJPY,28,700,1100,-1130.49,0.66,2430.47,37.5,-0.19,-0.5,-0.275,
483,USDCHF,7,700,300,-1170.05,0.68,1885.25,45.7,-0.14,-0.6,-0.276,
484,USDJPY,28,700,1200,-1148.41,0.66,2430.47,37.5,-0.19,-0.5,-0.283,
485,USDJPY,21,500,500,-1205.45,0.72,2100.72,45.2,-0.15,-0.6,-0.283,
486,USDCAD,7,1100,700,-1215.35,0.64,1982.2,51.4,-0.15,-0.6,-0.287,
487,USDJPY,21,1200,700,-1198.39,0.67,2922.64,40.0,-0.16,-0.4,-0.292,
488,GBPUSD,7,1100,500,-1204.15,0.64,2572.61,43.2,-0.14,-0.5,-0.293,
489,GBPUSD,7,900,700,-1197.41,0.64,2512.78,42.1,-0.14,-0.5,-0.293,
490,USDJPY,7,700,900,-1252.72,0.72,2224.58,48.5,-0.13,-0.6,-0.293,
491,USDJPY,21,1200,1100,-1207.63,0.66,2720.56,42.1,-0.16,-0.4,-0.293,
492,EURUSD,7,300,700,-1161.17,0.69,1294.31,33.3,-0.14,-0.9,-0.295,
493,EURUSD,7,500,300,-1116.51,0.6,1440.09,30.6,-0.19,-0.8,-0.295,
494,GBPUSD,28,700,900,-1176.34,0.52,1679.4,50.0,-0.24,-0.7,-0.297,
495,USDJPY,28,900,900,-1214.15,0.62,2577.14,46.7,-0.21,-0.5,-0.297,
496,USDCAD,7,1200,500,-1225.03,0.62,1885.97,50.0,-0.16,-0.6,-0.298,
497,USDJPY,7,500,1100,-1252.72,0.71,2041.5,47.2,-0.14,-0.6,-0.298,
498,USDJPY,7,1200,700,-1251.09,0.66,2233.81,50.0,-0.15,-0.6,-0.298,
499,USDCAD,7,700,900,-1276.48,0.71,2170.43,51.2,-0.12,-0.6,-0.299,
500,USDJPY,14,1200,900,-1258.69,0.7,3463.71,45.5,-0.14,-0.4,-0.299,
501,USDJPY,7,300,500,-1226.1,0.69,1913.3,41.9,-0.17,-0.6,-0.301,
502,AUDUSD,21,300,700,-1146.85,0.54,1376.89,40.9,-0.26,-0.8,-0.301,
503,USDJPY,14,700,900,-1274.45,0.71,2762.39,44.4,-0.15,-0.5,-0.307,
504,USDJPY,21,1200,900,-1244.57,0.65,2829.2,42.1,-0.17,-0.4,-0.308,
505,USDJPY,21,700,700,-1210.89,0.67,2142.0,34.8,-0.18,-0.6,-0.308,
506,USDCHF,7,500,500,-1264.72,0.68,1687.67,47.4,-0.14,-0.7,-0.309,
507,USDJPY,21,700,1100,-1220.12,0.66,1947.52,36.4,-0.17,-0.6,-0.311,
508,GBPUSD,7,1100,700,-1257.23,0.62,2572.61,43.2,-0.14,-0.5,-0.314,
509,USDJPY,14,700,1200,-1317.91,0.7,2762.39,44.4,-0.15,-0.5,-0.324,
510,USDJPY,7,1100,500,-1336.38,0.67,2640.7,51.6,-0.15,-0.5,-0.324,
511,GBPUSD,7,1200,500,-1288.41,0.62,2656.88,43.2,-0.14,-0.5,-0.325,
512,USDJPY,21,700,900,-1257.06,0.65,2048.57,36.4,-0.18,-0.6,-0.326,
513,EURUSD,7,700,300,-1219.31,0.6,1542.89,33.3,-0.18,-0.8,-0.326,
514,GBPUSD,7,900,900,-1281.67,0.61,2512.78,42.1,-0.16,-0.5,-0.327,
515,USDJPY,28,300,700,-1234.25,0.64,2331.6,29.6,-0.21,-0.5,-0.329,
516,USDCAD,7,300,500,-1321.87,0.68,1988.86,44.2,-0.16,-0.7,-0.332,
517,GBPUSD,28,300,900,-1288.41,0.62,1504.97,45.8,-0.22,-0.9,-0.333,
518,USDJPY,21,900,700,-1308.13,0.65,2527.16,36.4,-0.18,-0.5,-0.342,
519,USDJPY,21,900,1100,-1317.36,0.64,2325.08,38.1,-0.18,-0.6,-0.344,
520,GBPUSD,7,1200,700,-1341.5,0.61,2656.88,43.2,-0.15,-0.5,-0.346,
521,AUDUSD,7,500,500,-1312.01,0.5,1531.1,53.3,-0.24,-0.9,-0.347,
522,GBPUSD,7,1100,900,-1341.5,0.6,2572.61,43.2,-0.16,-0.5,-0.348,
523,USDCAD,7,500,500,-1367.26,0.65,2028.2,46.5,-0.16,-0.7,-0.349,
524,USDCAD,7,1100,500,-1370.9,0.6,2031.83,51.4,-0.17,-0.7,-0.35,
525,USDJPY,7,500,700,-1389.07,0.68,1743.26,48.6,-0.16,-0.8,-0.352,
526,USDJPY,14,300,300,-1359.74,0.64,2004.56,44.7,-0.22,-0.7,-0.354,
527,USDCHF,7,900,300,-1375.86,0.64,2091.06,45.7,-0.15,-0.7,-0.354,
528,USDJPY,21,900,900,-1354.3,0.63,2433.72,38.1,-0.19,-0.6,-0.358,
529,USDJPY,7,700,700,-1431.99,0.68,2224.58,50.0,-0.16,-0.6,-0.362,
530,AUDUSD,7,500,300,-1354.14,0.48,1627.16,53.3,-0.26,-0.8,-0.363,
531,USDJPY,28,300,1100,-1310.3,0.62,2157.76,24.0,-0.21,-0.6,-0.368,
532,USDJPY,7,1100,1100,-1430.36,0.61,2467.41,48.1,-0.18,-0.6,-0.373,
533,USDCAD,7,700,1100,-1476.81,0.67,2284.22,51.2,-0.14,-0.6,-0.377,
534,USDCHF,21,300,300,-1479.8,0.64,2214.55,54.5,-0.19,-0.7,-0.378,
535,GBPUSD,7,1200,900,-1425.76,0.58,2656.88,43.2,-0.16,-0.5,-0.38,
536,USDJPY,7,700,1200,-1496.63,0.67,2573.34,46.9,-0.15,-0.6,-0.389,
537,EURUSD,14,300,300,-1466.21,0.59,1764.51,51.5,-0.23,-0.8,-0.39,
538,AUDUSD,7,900,500,-1435.03,0.45,1654.12,51.9,-0.28,-0.9,-0.4,
539,USDJPY,28,700,900,-1456.43,0.56,2430.47,37.5,-0.27,-0.6,-0.408,
540,USDJPY,28,300,1200,-1424.92,0.58,2337.57,24.0,-0.23,-0.6,-0.414,
541,USDCHF,7,500,700,-1538.45,0.61,1961.4,47.4,-0.18,-0.8,-0.416,
542,AUDUSD,7,900,300,-1477.17,0.43,1750.18,51.9,-0.3,-0.8,-0.417,
543,EURUSD,7,300,300,-1467.05,0.61,1416.49,33.3,-0.2,-1.0,-0.418,
544,USDCAD,7,900,300,-1527.05,0.52,1945.89,51.4,-0.22,-0.8,-0.42,
545,GBPUSD,7,700,500,-1554.69,0.59,2923.15,43.6,-0.18,-0.5,-0.425,
546,USDCHF,7,1100,300,-1581.67,0.61,2296.87,45.7,-0.16,-0.7,-0.431,
547,USDCHF,7,700,500,-1563.15,0.57,1986.1,42.9,-0.19,-0.8,-0.437,
548,USDCAD,7,700,700,-1639.63,0.63,2412.53,51.2,-0.16,-0.7,-0.44,
549,NZDUSD,7,700,700,-1651.59,0.58,2900.4,54.8,-0.18,-0.6,-0.444,
550,NZDUSD,7,700,500,-1652.44,0.58,2900.4,54.8,-0.18,-0.6,-0.445,
551,GBPUSD,7,700,700,-1607.78,0.57,2923.15,43.6,-0.18,-0.6,-0.446,
552,USDJPY,7,1100,700,-1647.65,0.6,2684.7,48.3,-0.19,-0.6,-0.451,
553,USDJPY,7,700,1100,-1659.6,0.63,2627.66,46.9,-0.18,-0.6,-0.453,
554,USDCAD,7,1200,300,-1623.29,0.49,2042.12,50.0,-0.23,-0.8,-0.459,
555,USDJPY,14,900,1200,-1628.1,0.58,2616.25,40.9,-0.22,-0.6,-0.459,
556,USDJPY,21,300,500,-1596.59,0.6,2377.77,31.4,-0.25,-0.7,-0.462,
557,AUDUSD,7,700,500,-1621.26,0.44,1840.35,51.7,-0.27,-0.9,-0.466,
558,GBPUSD,7,900,300,-1629.69,0.5,2512.78,42.1,-0.22,-0.6,-0.468,
559,USDCHF,7,1200,300,-1684.58,0.59,2399.78,45.7,-0.17,-0.7,-0.469,
560,GBPUSD,7,700,900,-1692.04,0.55,2923.15,43.6,-0.2,-0.6,-0.48,
561,AUDUSD,7,700,300,-1663.39,0.43,1936.41,51.7,-0.28,-0.9,-0.482,
562,GBPUSD,7,1100,300,-1689.51,0.49,2572.61,43.2,-0.21,-0.7,-0.488,
563,GBPUSD,14,1200,300,-1732.49,0.47,2360.26,52.4,-0.26,-0.7,-0.497,
564,USDJPY,28,300,900,-1636.25,0.52,2222.95,24.0,-0.3,-0.7,-0.501,
565,NZDUSD,7,300,700,-1800.74,0.58,3098.42,52.0,-0.21,-0.6,-0.502,
566,NZDUSD,7,300,500,-1801.59,0.58,3098.42,52.0,-0.21,-0.6,-0.502,
567,USDCAD,7,1100,300,-1769.15,0.48,2187.99,51.4,-0.24,-0.8,-0.51,
568,USDCHF,7,900,500,-1768.96,0.54,2191.91,42.9,-0.2,-0.8,-0.514,
569,USDCHF,7,700,700,-1768.96,0.51,2191.91,42.9,-0.23,-0.8,-0.519,
570,NZDUSD,7,500,700,-1826.87,0.53,3075.67,51.2,-0.22,-0.6,-0.519,
571,NZDUSD,7,500,500,-1827.71,0.53,3075.67,51.2,-0.22,-0.6,-0.519,
572,GBPUSD,7,1200,300,-1773.78,0.48,2656.88,43.2,-0.21,-0.7,-0.52,
573,USDJPY,7,300,900,-1782.92,0.57,2099.09,40.5,-0.24,-0.8,-0.521,
574,NZDUSD,7,1200,700,-1823.49,0.5,3072.3,51.3,-0.23,-0.6,-0.522,
575,NZDUSD,7,1200,500,-1824.34,0.5,3072.3,51.3,-0.23,-0.6,-0.522,
576,NZDUSD,7,900,700,-1861.41,0.52,3110.22,52.5,-0.21,-0.6,-0.53,
577,NZDUSD,7,900,500,-1862.26,0.52,3110.22,52.5,-0.21,-0.6,-0.53,
578,USDJPY,7,300,700,-1813.34,0.56,2020.86,40.5,-0.26,-0.9,-0.535,
579,USDCAD,7,700,500,-1888.99,0.57,2555.98,51.2,-0.2,-0.7,-0.537,
580,NZDUSD,7,700,300,-1891.75,0.51,2875.12,54.8,-0.22,-0.7,-0.54,
581,GBPUSD,7,500,500,-1868.16,0.56,3236.62,41.9,-0.2,-0.6,-0.543,
582,GBPUSD,14,1100,300,-1855.52,0.45,2483.29,52.4,-0.26,-0.7,-0.543,
583,GBPUSD,7,700,300,-1868.16,0.5,2751.25,43.6,-0.23,-0.7,-0.551,
584,USDJPY,28,1100,1200,-1864.95,0.47,2791.72,46.2,-0.33,-0.7,-0.555,
585,USDJPY,7,300,1200,-1880.16,0.54,2359.3,40.5,-0.26,-0.8,-0.558,
586,USDJPY,14,500,300,-1939.92,0.55,2878.1,51.5,-0.28,-0.7,-0.56,
587,USDCHF,7,300,500,-1936.7,0.63,2459.47,42.2,-0.18,-0.8,-0.561,
588,GBPUSD,7,500,700,-1921.24,0.55,3236.62,41.9,-0.21,-0.6,-0.563,
589,USDJPY,7,300,1100,-1934.49,0.53,2359.3,40.5,-0.27,-0.8,-0.58,
590,USDCAD,7,300,300,-1971.91,0.53,2396.8,44.2,-0.27,-0.8,-0.588,
591,USDCHF,7,1100,500,-1974.78,0.51,2397.72,42.9,-0.21,-0.8,-0.59,
592,NZDUSD,7,1100,700,-2029.94,0.5,3278.75,52.5,-0.21,-0.6,-0.592,
593,NZDUSD,7,1100,500,-2030.79,0.5,3278.75,52.5,-0.21,-0.6,-0.592,
594,USDCHF,7,900,700,-1974.78,0.48,2397.72,42.9,-0.24,-0.8,-0.595,
595,GBPUSD,7,500,900,-2005.51,0.53,3236.62,41.9,-0.22,-0.6,-0.597,
596,NZDUSD,7,300,300,-2040.9,0.52,3073.14,52.0,-0.25,-0.7,-0.597,
597,GBPUSD,21,900,300,-1935.57,0.43,2211.11,40.0,-0.32,-0.9,-0.598,
598,USDJPY,21,500,1100,-1967.08,0.54,3135.05,30.8,-0.26,-0.6,-0.6,
599,USDCAD,7,500,300,-2036.07,0.48,2454.9,46.5,-0.28,-0.8,-0.614,
600,NZDUSD,7,500,300,-2067.02,0.47,3050.39,51.2,-0.26,-0.7,-0.614,
601,USDJPY,7,900,1200,-2027.92,0.45,2108.87,44.4,-0.29,-1.0,-0.62,
602,GBPUSD,7,300,500,-2072.92,0.57,2867.54,38.3,-0.22,-0.7,-0.622,
603,NZDUSD,7,900,300,-2101.57,0.46,3084.94,52.5,-0.25,-0.7,-0.625,
604,USDCHF,7,1200,500,-2077.68,0.5,2500.63,42.9,-0.21,-0.8,-0.628,
605,NZDUSD,7,1200,300,-2088.93,0.43,3072.3,51.3,-0.28,-0.7,-0.628,
606,GBPUSD,21,1200,300,-2040.9,0.41,2316.44,42.1,-0.32,-0.9,-0.633,
607,GBPUSD,14,900,300,-2050.17,0.39,2677.94,45.5,-0.33,-0.8,-0.633,
608,USDJPY,28,900,1200,-2046.94,0.45,2577.14,40.0,-0.35,-0.8,-0.634,
609,USDJPY,21,500,1200,-2081.7,0.52,3135.05,30.8,-0.29,-0.7,-0.645,
610,GBPUSD,14,1200,500,-2110.0,0.37,2849.0,50.0,-0.32,-0.7,-0.648,
611,USDCHF,7,300,300,-2179.56,0.58,2607.65,44.4,-0.22,-0.8,-0.651,
612,AUDUSD,7,300,500,-2117.58,0.42,2215.33,47.2,-0.34,-1.0,-0.654,
613,USDJPY,28,1200,1200,-2136.57,0.44,3009.02,46.2,-0.36,-0.7,-0.656,
614,AUDUSD,7,300,300,-2125.16,0.42,2276.84,47.2,-0.35,-0.9,-0.656,
615,USDJPY,21,1100,1200,-2113.21,0.47,2485.33,36.8,-0.29,-0.9,-0.657,
616,USDCHF,7,1100,700,-2180.59,0.46,2603.53,42.9,-0.24,-0.8,-0.67,
617,USDJPY,7,1200,1200,-2174.6,0.44,1962.19,46.2,-0.28,-1.1,-0.673,
618,GBPUSD,7,500,300,-2199.32,0.48,3082.41,41.9,-0.26,-0.7,-0.674,
619,NZDUSD,7,1100,300,-2270.1,0.44,3253.47,52.5,-0.25,-0.7,-0.687,
620,GBPUSD,21,1100,300,-2190.89,0.4,2466.44,42.1,-0.33,-0.9,-0.688,
621,GBPUSD,7,300,700,-2251.56,0.53,2824.56,38.3,-0.25,-0.8,-0.692,
622,GBPUSD,14,1100,500,-2233.02,0.36,2972.03,50.0,-0.33,-0.8,-0.693,
623,USDCHF,7,300,700,-2293.79,0.56,2733.2,42.2,-0.23,-0.8,-0.698,
624,USDJPY,14,1100,1200,-2279.99,0.5,3050.85,40.9,-0.27,-0.7,-0.703,
625,USDJPY,21,500,700,-2241.96,0.51,3026.4,32.1,-0.31,-0.7,-0.703,
626,GBPUSD,14,1200,700,-2255.77,0.33,2849.0,50.0,-0.36,-0.8,-0.707,
627,USDCHF,7,1200,700,-2283.5,0.45,2706.44,42.9,-0.24,-0.8,-0.708,
628,GBPUSD,14,900,500,-2273.47,0.34,3012.47,42.9,-0.38,-0.8,-0.723,
629,GBPUSD,7,300,900,-2335.83,0.52,2908.83,38.3,-0.26,-0.8,-0.725,
630,GBPUSD,21,500,300,-2281.9,0.39,2570.93,39.1,-0.39,-0.9,-0.729,
631,USDJPY,21,500,900,-2293.02,0.47,3135.05,30.8,-0.34,-0.7,-0.73,
632,USDJPY,21,900,1200,-2295.2,0.45,2270.75,33.3,-0.32,-1.0,-0.733,
633,USDJPY,21,1200,1200,-2348.44,0.45,2666.23,36.8,-0.31,-0.9,-0.744,
634,GBPUSD,14,1100,700,-2378.8,0.32,2972.03,50.0,-0.36,-0.8,-0.752,
635,GBPUSD,14,500,300,-2394.81,0.39,3036.07,46.2,-0.37,-0.8,-0.755,
636,GBPUSD,14,700,300,-2452.11,0.39,3093.37,52.0,-0.34,-0.8,-0.764,
637,USDJPY,21,300,1100,-2334.31,0.42,2779.77,20.0,-0.38,-0.8,-0.77,
638,GBPUSD,21,900,700,-2362.79,0.32,2580.19,35.3,-0.42,-0.9,-0.774,
639,GBPUSD,14,900,700,-2419.25,0.3,3012.47,42.9,-0.41,-0.8,-0.782,
640,GBPUSD,21,900,500,-2385.54,0.31,2748.72,35.3,-0.44,-0.9,-0.782,
641,USDJPY,21,300,700,-2397.33,0.43,2850.39,21.9,-0.4,-0.8,-0.789,
642,USDCAD,7,700,300,-2557.79,0.42,2982.68,51.2,-0.3,-0.9,-0.797,
643,GBPUSD,21,1200,700,-2468.12,0.31,2685.53,37.5,-0.42,-0.9,-0.809,
644,USDJPY,14,300,500,-2495.65,0.43,3140.48,29.7,-0.4,-0.8,-0.811,
645,GBPUSD,21,1200,500,-2490.87,0.3,2854.06,37.5,-0.43,-0.9,-0.817,
646,USDJPY,7,1100,1200,-2571.16,0.4,2434.81,44.4,-0.32,-1.1,-0.821,
647,GBPUSD,21,900,900,-2480.76,0.28,2698.17,35.3,-0.47,-0.9,-0.822,
648,USDJPY,14,1200,1200,-2605.93,0.47,3300.74,40.9,-0.3,-0.8,-0.823,
649,USDJPY,21,300,1200,-2503.26,0.38,2959.58,20.0,-0.43,-0.8,-0.837,
650,GBPUSD,21,1200,900,-2586.09,0.28,2803.5,37.5,-0.46,-0.9,-0.856,
651,USDJPY,21,300,900,-2551.61,0.37,2844.96,20.0,-0.46,-0.9,-0.858,
652,GBPUSD,21,1100,700,-2618.11,0.3,2835.52,37.5,-0.43,-0.9,-0.863,
653,GBPUSD,21,1100,500,-2640.87,0.29,3004.05,37.5,-0.44,-0.9,-0.872,
654,GBPUSD,7,300,300,-2726.82,0.43,3258.53,38.3,-0.34,-0.8,-0.876,
655,GBPUSD,21,700,300,-2718.39,0.36,3007.42,43.5,-0.39,-0.9,-0.878,
656,GBPUSD,21,500,700,-2709.12,0.29,2940.01,35.0,-0.5,-0.9,-0.903,
657,GBPUSD,14,500,500,-2772.32,0.31,3524.8,44.0,-0.45,-0.8,-0.904,
658,GBPUSD,21,1100,900,-2736.08,0.26,2953.49,37.5,-0.47,-0.9,-0.91,
659,GBPUSD,21,500,500,-2731.87,0.29,3108.54,35.0,-0.52,-0.9,-0.912,
660,GBPUSD,14,700,500,-2847.31,0.31,3599.8,50.0,-0.41,-0.8,-0.919,
661,GBPUSD,21,500,900,-2827.09,0.26,3057.98,35.0,-0.56,-0.9,-0.951,
662,GBPUSD,14,500,700,-2918.1,0.28,3524.8,44.0,-0.5,-0.8,-0.962,
663,GBPUSD,14,700,700,-2993.09,0.28,3599.8,50.0,-0.44,-0.8,-0.977,
664,USDJPY,14,300,900,-2998.7,0.34,3292.05,25.0,-0.48,-0.9,-1.012,
665,USDJPY,14,300,700,-3029.12,0.33,3213.82,25.0,-0.51,-0.9,-1.025,
666,GBPUSD,21,700,700,-3145.61,0.28,3376.5,40.0,-0.49,-0.9,-1.049,
667,USDJPY,14,500,500,-3201.87,0.39,3738.05,36.4,-0.43,-0.9,-1.056,
668,GBPUSD,21,700,500,-3168.36,0.27,3545.03,40.0,-0.5,-0.9,-1.058,
669,GBPUSD,21,300,300,-3152.35,0.3,3098.42,31.0,-0.56,-1.0,-1.068,
670,USDJPY,14,300,1200,-3154.61,0.31,3610.93,25.0,-0.52,-0.9,-1.072,
671,USDJPY,14,300,1100,-3208.93,0.29,3610.93,25.0,-0.55,-0.9,-1.094,
672,GBPUSD,21,700,900,-3263.58,0.25,3494.47,40.0,-0.53,-0.9,-1.096,
673,GBPUSD,14,300,300,-3271.17,0.29,3730.41,38.7,-0.56,-0.9,-1.096,
674,USDJPY,14,500,1200,-3456.65,0.35,4152.0,29.0,-0.44,-0.8,-1.161,
675,USDJPY,14,500,900,-3463.71,0.35,3833.12,29.0,-0.46,-0.9,-1.167,
676,GBPUSD,14,300,500,-3494.47,0.26,4064.94,36.7,-0.6,-0.9,-1.183,
677,GBPUSD,21,300,500,-3483.52,0.28,3598.12,25.0,-0.57,-1.0,-1.194,
678,USDJPY,14,500,1100,-3565.3,0.33,4152.0,29.0,-0.47,-0.9,-1.204,
679,GBPUSD,21,300,700,-3582.11,0.26,3550.93,25.0,-0.6,-1.0,-1.233,
680,GBPUSD,14,300,700,-3640.25,0.23,4064.94,36.7,-0.67,-0.9,-1.242,
681,GBPUSD,21,300,900,-3700.08,0.24,3668.9,25.0,-0.66,-1.0,-1.28,
682,USDJPY,14,500,700,-3789.66,0.29,3941.76,29.0,-0.56,-1.0,-1.294,
